"id","prefLabel","displayLabel","definition","status","altLabel","labelTypes","notes","noteTypes","examples","collections","schemes","paths","tags"
"omc:002C1","30","30","3.0 - Uses channels L, C, R","published","30","omcToken","","","","coll:omc-0025F","","30",""
"omc:002C2","40","40","4.0 - Uses channels L, C, R, S","published","40","omcToken","","","","coll:omc-0025F","","40",""
"omc:002C3","50","50","5.0 - Uses channels L, C, R, Ls, Rs","published","50","omcToken","","","","coll:omc-0025F","","50",""
"omc:002AE","51","51","5.1 - Uses channels: L, C, R, LS, RS, LFE","published","51","omcToken","","","","coll:omc-0025F","","51",""
"omc:002C7","51EX","51EX","5.1 EX - Uses channels L, C, R, Lst, Rst, LFE","published","51EX","omcToken","","","","coll:omc-0025F","","51EX",""
"omc:002C4","60","60","6.0 - Uses channels L, C, R, Ls, Rs, Cs","published","60","omcToken","","","","coll:omc-0025F","","60",""
"omc:002B1","61","61","6.1 - Uses channels: L, R, C, Lss, Rss, Cs, LFE","published","61","omcToken","","","","coll:omc-0025F","","61",""
"omc:002C5","70","70","7.0 DS - Uses channels L, C, R, Lss, Rss, Rls, Rrs","published","70","omcToken","","","","coll:omc-0025F","","70",""
"omc:002AF","71","71","7.1DS - Uses channels: L, C, R, Lss, Rss, Lrs, Rrs, LFE","published","71","omcToken","","","","coll:omc-0025F","","71",""
"omc:00280","ADR","ADR","Automated Dialog Replacement audio channel","published","ADR","omcToken","","","","coll:omc-002AC","","ADR",""
"vmc:c-00041b","Aerial","aerial","Anything involving work with equipment that flies.  ","published","aerial","omcToken","","","","coll:omc-00115","","aerial",""
"omc:001A7","albedo","albedo","","published","albedo","omcToken","","","","coll:omc-00198","","albedo",""
"omc:0019F","ambientOcclusion","ambientOcclusion","","published","ambientOcclusion","omcToken","","","","coll:omc-00198","","ambientOcclusion",""
"vmc:c-00000F","Animated Storyboard","artwork.animatedStoryboard","A moving image produced from the individual images of a Storyboard.","published","animatedStoryboard","omcToken","","","","coll:omc-0002B","","artwork.animatedStoryboard",""
"vmc:c-000031","Animation Sequence","sequence.animation","A unit of work made up of an ordered series of Animation shots.","published","animation","omcToken","Shots with both live action and animation would be a VFX Shot","editorial","","coll:omc-000FA","","sequence.animation",""
"vmc:c-000030","Animation Shot","shot.animation","A Shot that has been identified as requiring Animation work.","published","animation","omcToken","","","","coll:omc-0002B","","shot.animation",""
"omc:0028B","ANN","ANN","Announcer: audio content information.","published","ANN","omcToken","","","","coll:omc-002AD","","ANN",""
"vmc:c-000442","Artwork","artwork","Illustrations, photographs, or other materials that illustrate some aspect of a Creative Work.","published","artwork","omcToken","","","","coll:omc-0002B","","artwork",""
"vmc:c-00004D","Asset Function","specialAction","Describes the use or purpose of an Asset within the production process.","published","specialAction","omcToken","","","","coll:omc-00115","","specialAction",""
"omc:00267","assetGroup","assetGroup","Signifies this Asset represents and Asset Group.","published","assetGroup","omcToken","","","","coll:omc-00033","","assetGroup",""
"omc:001B6","atmosphere","gasOrLiquid.atmosphere","","published","atmosphere","omcToken","","","","coll:omc-001B1","","gasOrLiquid.atmosphere",""
"vmc:c-000041","Audio","audio | digital.audio","A representation of sound.","published","audio","omcToken","","","","coll:omc-0002B | coll:omc-00033","","audio | digital.audio",""
"vmc:c-000447","Audio Channel","audio.channel","A distinct collection of sequenced audio samples that are intended for delivery to a single loudspeaker or other reproduction device.","published","channel","omcToken","","","","coll:omc-0002B","","audio.channel",""
"vmc:c-00044e","Audio Composition","audio","A Composition consisting of audio assets, Audio Compositions, and an Audio Session.","published","audio","omcToken","","","","coll:omc-000FA","","audio",""
"vmc:c-000449","Audio Mix","audio.mix","A combination of multiple Audio Assets and Compositions into a particular format.","published","mix","omcToken","","","","coll:omc-0002B","","audio.mix",""
"vmc:c-000446","Audio Object","audio.object","A segment of audio essence with associated metadata describing positional and other properties which may vary with time.","published","object","omcToken","","","","coll:omc-0002B","","audio.object",""
"vmc:c-000448","Audio Track","audio.track","A temporally continuous sequence of related samples.","published","track","omcToken","","","","coll:omc-0002B","","audio.track",""
"omc:00265","audioSession","audioSession","An Asset that represents the state of the audio mixing and editing process.","published","audioSession","omcToken","","","","coll:omc-0002B","","audioSession",""
"vmc:c-000377","Audiovisual","digital.audioVisual | physical.audioVisual","A Moving Image with Audio synchronized to the images.","published","audioVisual","omcToken","","","","coll:omc-00033","","digital.audioVisual | physical.audioVisual",""
"omc:00176","basisCurve","basisCurve","","published","basisCurve","omcToken","","","","coll:omc-00175","","basisCurve",""
"vmc:c-000452","Bed","audio.bed","The Channel component of an immersive STEM or Printmaster.","published","bed","omcToken","","","","coll:omc-000FA","","audio.bed",""
"omc:00286","BG","BG","Backgrounds audio channel","published","BG","omcToken","","","","coll:omc-002AC","","BG",""
"omc:001A1","bump","bump","","published","bump","omcToken","","","","coll:omc-00198","","bump",""
"omc:00293","C","C","Center channel","published","C","omcToken","","","","coll:omc-0025B","","C",""
"omc:0006A","calibration","capture.calibration","Captured calibration data from a device.","published","calibration","omcToken","","","","coll:omc-0002B","","capture.calibration",""
"vmc:c-0003BF","Camera Metadata","cameraMetadata","Capture-specific details and information about the Camera itself.","published","cameraMetadata","omcToken","","","","coll:omc-0002B","","cameraMetadata",""
"vmc:c-0003B3","Camera Roll","capture.roll","Identifier for a group of events captured together on the same camera and recording media.","published","roll","omcToken","","","","coll:omc-0002B","","capture.roll",""
"omc:0006C","cameraProxy","capture.cameraProxy","A proxy directly generated by the camera.","published","cameraProxy","omcToken","","","","coll:omc-0002B","","capture.cameraProxy",""
"omc:00177","capsule","capsule","","published","capsule","omcToken","","","","coll:omc-00175","","capsule",""
"vmc:c-000357","Capture","capture","The result of recording any event by any means.","published","capture","omcToken","","","","coll:omc-0002B","","capture",""
"omc:0028A","CAST","CAST","Cast: audio content information.","published","CAST","omcToken","","","","coll:omc-002AD","","CAST",""
"omc:00072","cdl","color.cdl","Color Decision List, describes suggested correct color for each shot.","published","cdl","omcToken","","","","coll:omc-0002B","","color.cdl",""
"vmc:c-0003fd","CG Assembly","cgAssembly","A Composition that includes a collection of related CG Assets and CG Assemblies.","published","cgAssembly","omcToken","","","","coll:omc-000FA","","cgAssembly",""
"vmc:c-00043f","CG Model","cgModel","A generic use for Geometry.","published","cgModel","omcToken","","","","coll:omc-0002B","","cgModel",""
"omc:002A2","Ch","Ch","Center Height channel","published","Ch","omcToken","","","","coll:omc-0025B","","Ch",""
"vmc:c-00001A","Character","character","A sentient entity (usually a person but not always) in the script whose specific identity is consequential to the narrative. A Character is generally identified by a specific name.","published","character","omcToken","","","","coll:omc-000A9","","character",""
"vmc:c-000419","Choreography","choreography","The creation, arrangement, and management of dance. ","published","choreography","omcToken","","","","coll:omc-00115","","choreography",""
"omc:0028F","CL","CL","Cloth: audio content information.","published","CL","omcToken","","","","coll:omc-002AD","","CL",""
"omc:0027D","CM","CM","Recorded Commentary audio channel","published","CM","omcToken","","","","coll:omc-002AC","","CM",""
"omc:00070","color","color","Asset containing information about color.","published","color","omcToken","","","","coll:omc-0002B","","color",""
"vmc:c-000032","Color Sequence","sequence.color","A sequence of shots with color grading characteristics linked to creative intent.","published","color","omcToken","","","","coll:omc-000FA","","sequence.color",""
"vmc:c-00034D","Color Space","color.colorSpace","A predefined encoding for communicating color appearance.","published","colorSpace","omcToken","","","","coll:omc-0002B","","color.colorSpace",""
"vmc:c-0003ea","Color Space Configuration","configuration.colorSpace","A configuration file for a color management system.","published","colorSpace","omcToken","","","","coll:omc-0002B","","configuration.colorSpace",""
"vmc:c-0003fb","Composite Material","compositeMaterial","A Material represented by a Composition. ","published","compositeMaterial","omcToken","","","","coll:omc-000FA","","compositeMaterial",""
"vmc:c-00001B","Concept","concept","An exploratory representation of something from the narrative.","published","concept","omcToken","Concept covers anything that is used or created as input to the final depiction of a narrative element in the Creative Work, including storyboards, concept art, costume ideas, possible filming locations, and so on.","editorial","","coll:omc-000B3","","concept",""
"vmc:c-00001C","Concept Art","artwork.conceptArt","Images that illustrate ideas for potential depictions of elements of the creative intent.","published","conceptArt","omcToken","","","","coll:omc-0002B","","artwork.conceptArt",""
"omc:00178","cone","cone","","published","cone","omcToken","","","","coll:omc-00175","","cone",""
"omc:00089","configuration","configuration","Asset that contains information about the configuration of components of the workflow.","published","configuration","omcToken","","","","coll:omc-0002B","","configuration",""
"omc:00082","costume","costume","An Asset used to depict the Narrative Wardrobe of a Character.","published","costume","omcToken","","","","coll:omc-0002B","","costume",""
"omc:001C1","cotton","textile.cotton","","published","cotton","omcToken","","","","coll:omc-001B1","","textile.cotton",""
"omc:00283","CRD","CRD","Crowd audio channel","published","CRD","omcToken","","","","coll:omc-002AC","","CRD",""
"vmc:c-000010","Creative Reference Material","creativeReferenceMaterial","Images or other material used to inform the artistic aspects of creation of a production, to help convey a tone or look, etc.","published","creativeReferenceMaterial","omcToken","","","","coll:omc-0002B","","creativeReferenceMaterial",""
"vmc:c-00001F","Creative Work","creativeWork","A uniquely identified production.","published","Title | Production | Program | Show | creativeWork","alternate | alternate | alternate | alternate | omcToken","","","","coll:omc-001FB","","creativeWork",""
"omc:0029D","Cs","Cs","Center Surround channel","published","Cs","omcToken","","","","coll:omc-0025B","","Cs",""
"omc:0028C","CTR","CTR","Commentator: audio content information.","published","CTR","omcToken","","","","coll:omc-002AD","","CTR",""
"omc:00179","cube","cube","","published","cube","omcToken","","","","coll:omc-00175","","cube",""
"omc:001AE","cubeFaceEnvironment","cubeFaceEnvironment","","published","cubeFaceEnvironment","omcToken","","","","coll:omc-00199","","cubeFaceEnvironment",""
"omc:001AB","cubeFaceShadow","cubeFaceShadow","","published","cubeFaceShadow","omcToken","","","","coll:omc-00199","","cubeFaceShadow",""
"omc:0017A","cylinder","cylinder","","published","cylinder","omcToken","","","","coll:omc-00175","","cylinder",""
"omc:0006E","daily","proxy.daily","A type of video proxy.","published","daily","omcToken","","","","coll:omc-0002B","","proxy.daily",""
"vmc:c-00001D","Depiction","depiction","The representation of a Narrative Entity (See Part 2A: Narrative Elements) by a production entity in the Creative Work, specified or implied by the Script.","published","depiction","omcToken","","","","coll:omc-000B9","","depiction",""
"omc:001A6","depthMap","depthMap","","published","depthMap","omcToken","","","","coll:omc-00198","","depthMap",""
"omc:0019A","diffuse","diffuse","","published","diffuse","omcToken","","","","coll:omc-00198","","diffuse",""
"vmc:c-000038","Digital Asset","digital","Information that exists as digital data.","published","digital","omcToken","","","","coll:omc-00033","","digital",""
"vmc:c-00003A","Digital Data","digital.data","An Asset Structure composed of digital data.","published","data","omcToken","","","","coll:omc-00033","","digital.data",""
"omc:00287","DIR","DIR","Director: audio content information.","published","DIR","omcToken","","","","coll:omc-002AD","","DIR",""
"omc:002BF","DM","DM","Dual Mono - Uses channels M1, M2","published","DM","omcToken","","","","coll:omc-0025F","","DM",""
"omc:00277","DME","DME","DME audio channel","published","DME","omcToken","","","","coll:omc-002AC","","DME",""
"omc:002C0","DNS","DNS","Discrete Numbered Sources - Uses channels NSC001, NSC002","published","DNS","omcToken","","","","coll:omc-0025F","","DNS",""
"vmc:c-000047","Document","digital.document | physical.document","A human readable object containing text and/or images.","published","Doc | document","alternate | omcToken","","","Production Bible","coll:omc-00033","","digital.document | physical.document",""
"omc:0026F","DV","DV","Descriptive Video audio channel","published","DV","omcToken","","","","coll:omc-002AC","","DV",""
"omc:00270","DX","DX","Dialog audio channel","published","DX","omcToken","","","","coll:omc-002AC","","DX",""
"omc:0006D","editorial","proxy.editorial","A type of video proxy.","published","editorial","omcToken","","","","coll:omc-0002B","","proxy.editorial",""
"omc:0024E","editorial","shot.editorial","A shot that has been marked for editorial use.","published","editorial","omcToken","","","","coll:omc-0002B","","shot.editorial",""
"vmc:c-00002D","Editorial Sequence","sequence.editorial","A Sequence of Editorial Shots linked to creative intent.","published","editorial","omcToken","Typically has a close relationship to narrative intent","editorial","","coll:omc-000FA","","sequence.editorial",""
"vmc:c-000414","Effect","effect","A technique that creates or enhances visual elements in the finished work ","published","effect","omcToken","","","","coll:omc-00117","","effect",""
"vmc:c-000435","Episode","episode","A single Creative Work that is part of Series or Season","published","episode","omcToken","","","","coll:omc-001FB","","episode",""
"vmc:c-000404","Extra","extra","A sentient entity (usually a person, but not always) in the Script whose specific identity is minimally consequential to the narrative.  ","published","extra","omcToken","","","","coll:omc-000A9","","extra",""
"omc:00067","faceCamera","capture.faceCamera","A capture of an actor's face, often used for motion capture.","published","faceCamera","omcToken","","","","coll:omc-0002B","","capture.faceCamera",""
"omc:0013C","female","female","","published","female","omcToken","","","","coll:omc-0013A","","female",""
"omc:00273","FFX","FFX","Filled Effects audio channel","published","FFX","omcToken","","","","coll:omc-002AC","","FFX",""
"vmc:c-000423","Fight","fight","Action in a Narrative Scene that will require involving a specialist such as a Fight Coordinator in the production process.","published","fight","omcToken","","","","coll:omc-00115","","fight",""
"vmc:c-000454","Final Deliverable Audio","finalDeliverable","Playable audio that can be packaged and distributed with a finished Creative Work.","published","finalDeliverable","omcToken","","","","coll:omc-0025E","","finalDeliverable",""
"omc:00260","finalMix","finalMix","A Mix for distribution of the Creative Work.","published","finalMix","omcToken","","","","coll:omc-0025E","","finalMix",""
"omc:001BA","fire","gasOrLiquid.fire","","published","fire","omcToken","","","","coll:omc-001B1","","gasOrLiquid.fire",""
"omc:001B7","fog","gasOrLiquid.fog","","published","fog","omcToken","","","","coll:omc-001B1","","gasOrLiquid.fog",""
"omc:00285","FOL","FOL","Foley audio channel","published","FOL","omcToken","","","","coll:omc-002AC","","FOL",""
"omc:0028D","FS","FS","Footsteps: audio content information.","published","FS","omcToken","","","","coll:omc-002AD","","FS",""
"omc:001C5","fur","organic.fur","","published","fur","omcToken","","","","coll:omc-001B1","","organic.fur",""
"omc:00272","FX","FX","Effects audio channel","published","FX","omcToken","","","","coll:omc-002AC","","FX",""
"omc:001B5","gasOrLiquid","gasOrLiquid","","published","gasOrLiquid","omcToken","","","","coll:omc-001B1","","gasOrLiquid",""
"omc:00193","general","general","","published","general","omcToken","","","","coll:omc-0018C","","general",""
"vmc:c-0003ef","Geometry","geometry","A shape defined in three dimensions.","published","geometry","omcToken","","","","coll:omc-00033","","geometry",""
"vmc:c-000426","Geometry Annotation","annotation","3D elements that provide additional information or commentary on other geometry.","published","annotation","omcToken","","","","coll:omc-0018C","","annotation",""
"vmc:c-0003fe","Geometry Assembly","geometryAssembly","A Composition containing only Geometry information.","published","geometryAssembly","omcToken","","","","coll:omc-000FA","","geometryAssembly",""
"vmc:c-000429","Geometry Collision","collision","Simplified geometry for collision detection and physics simulations.","published","collision","omcToken","","","","coll:omc-0018C","","collision",""
"vmc:c-000428","Geometry Guide","guide","Geometry used as a visual guide or reference in animation and VFX.","published","guide","omcToken","","","","coll:omc-0018C","","guide",""
"vmc:c-000427","Geometry Matte/Paint","matte/paint","Geometry that acts as a background or underlay for visual atmosphere creation.","published","matte/paint","omcToken","","","","coll:omc-0018C","","matte/paint",""
"vmc:c-000425","Geometry Printing","printing","Geometry built as input for a 3D printer process","published","printing","omcToken","","","","coll:omc-0018C","","printing",""
"vmc:c-00042a","Geometry Proxy","proxy","Lower-resolution geometry used for faster pre-visualization and playback.","published","proxy","omcToken","","","","coll:omc-0018C","","proxy",""
"vmc:c-00042b","Geometry Rendering","rendering","Final high-quality visual output of 3D geometry.","published","rendering","omcToken","","","","coll:omc-0018C","","rendering",""
"omc:001BC","glass","inorganic.glass","","published","glass","omcToken","","","","coll:omc-001B1","","inorganic.glass",""
"omc:00281","GRP","GRP","Group audio channel","published","GRP","omcToken","","","","coll:omc-002AC","","GRP",""
"omc:001C4","hair","organic.hair","","published","hair","omcToken","","","","coll:omc-001B1","","organic.hair",""
"omc:0013F","he/him","he/him","","published","he/him","omcToken","","","","coll:omc-00138","","he/him",""
"omc:001A4","heightMap","heightMap","","published","heightMap","omcToken","","","","coll:omc-00198","","heightMap",""
"omc:0029E","HI","HI","Hearing Impaired channel","published","HI","omcToken","","","","coll:omc-0025B","","HI",""
"omc:0026E","HI","HI","Hearing Impaired audio channel","published","HI","omcToken","","","","coll:omc-002AC","","HI",""
"vmc:c-00003B","Image","digital.image | physical.image","A two-dimensional visual representation.","published","image","omcToken","","","","coll:omc-00033","","digital.image | physical.image",""
"vmc:c-00035A","Image Sequence","digital.imageSequence | physical.imageSequence","A temporally ordered sequence of individual images which are the constituent parts of a Moving Image.","published","imageSequence","omcToken","","","","coll:omc-00033","","digital.imageSequence | physical.imageSequence",""
"omc:001B4","inorganic","inorganic","","published","inorganic","omcToken","","","","coll:omc-001B1","","inorganic",""
"omc:0021D","internal","internal","An internal title or code name, not used in commercial release. ","published","internal","omcToken","","","","coll:omc-0021B","","internal",""
"omc:00291","L","L","Left channel","published","L","omcToken","","","","coll:omc-0025B","","L",""
"omc:001AD","latLongEnvironment","latLongEnvironment","","published","latLongEnvironment","omcToken","","","","coll:omc-00199","","latLongEnvironment",""
"omc:0029B","Lc","Lc","Left Center channel","published","Lc","omcToken","","","","coll:omc-0025B","","Lc",""
"omc:0027E","LCM","LCM","Live commentary audio channel","published","LCM","omcToken","","","","coll:omc-002AC","","LCM",""
"omc:001C7","leather","organic.leather","","published","leather","omcToken","","","","coll:omc-001B1","","organic.leather",""
"omc:00188","left","left","","published","left","omcToken","","","","coll:omc-00187","","left",""
"vmc:c-0003BB","Lens Metadata","lensMetadata","Capture-specific details and information about the Lens itself.","published","lensMetadata","omcToken","","","","coll:omc-0002B","","lensMetadata",""
"omc:00294","LFE","LFE","Low Frequency Effects channel","published","LFE","omcToken","","","","coll:omc-0025B","","LFE",""
"omc:002A0","Lh","Lh","Left Height channel","published","Lh","omcToken","","","","coll:omc-0025B","","Lh",""
"omc:00035","lidar","capture.lidar","Light Detecting and Ranging, a capture from a specialized scanning device that creates a point cloud.","published","lidar","omcToken","","","","coll:omc-0002B","","capture.lidar",""
"omc:00299","Lrs","Lrs","Left Rear Surround channel","published","Lrs","omcToken","","","","coll:omc-0025B","","Lrs",""
"omc:002A7","Lrsh","Lrsh","Left Rear Surround Height channel","published","Lrsh","omcToken","","","","coll:omc-0025B","","Lrsh",""
"omc:00295","Ls","Ls","Left Surround channel","published","Ls","omcToken","","","","coll:omc-0025B","","Ls",""
"omc:002A3","Lsh","Lsh","Left Surround Height channel","published","Lsh","omcToken","","","","coll:omc-0025B","","Lsh",""
"omc:00297","Lss","Lss","Left Side Surround channel","published","Lss","omcToken","","","","coll:omc-0025B","","Lss",""
"omc:002A5","Lssh","Lssh","Left Side Surround Height channel","published","Lssh","omcToken","","","","coll:omc-0025B","","Lssh",""
"omc:002BA","Lst","Lst","Left Surround Top","published","Lst","omcToken","","","","coll:omc-0025B","","Lst",""
"omc:002B8","Lt","Lt","Left Total","published","Lt","omcToken","","","","coll:omc-0025B","","Lt",""
"omc:002C6","LtRt","LtRt","Lt-Rt - Uses channels Lt, Rt","published","LtRt","omcToken","","","","coll:omc-0025F","","LtRt",""
"omc:002A9","Lts","Lts","Left Top Surround channel","published","Lts","omcToken","","","","coll:omc-0025B","","Lts",""
"vmc:c-00005E","LUT","color.lut","Look up table","published","lut","omcToken","A look up table is an array, either two or three dimensional, that changes the way an image looks. For example, a LUT can be used to transform an image from one color space to another","editorial","","coll:omc-0002B","","color.lut",""
"omc:002B2","M","M","1.0 Monaural - Uses channel: C","published","M","omcToken","","","","coll:omc-0025F","","M",""
"omc:002B6","M1","M1","Mono One","published","M1","omcToken","","","","coll:omc-0025B","","M1",""
"omc:002B7","M2","M2","Mono Two","published","M2","omcToken","","","","coll:omc-0025B","","M2",""
"omc:0013B","male","male","","published","male","omcToken","","","","coll:omc-0013A","","male",""
"vmc:c-0003f6","Map","map","An image intended to drive or influence a behavior or value within a CG workflow. ","published","map","omcToken","","","","coll:omc-0002B","","map",""
"vmc:c-00041a","Marine","marine","Anything involving work on water or in water-borne craft.  ","published","marine","omcToken","","","","coll:omc-00115","","marine",""
"vmc:c-0003f9","Material","material","Data values and relationships required to describe the look of a CG Asset. ","published","material","omcToken","","","","coll:omc-0002B","","material",""
"omc:00274","ME","ME","Music and Effects audio channel","published","ME","omcToken","","","","coll:omc-002AC","","ME",""
"omc:0017B","mesh","mesh","A geometry type","published","mesh","omcToken","","","","coll:omc-00175","","mesh",""
"omc:00276","MESP","MESP","Music and Effects with Optional audio channel","published","MESP","omcToken","","","","coll:omc-002AC","","MESP",""
"omc:001BD","metal","inorganic.metal","","published","metal","omcToken","","","","coll:omc-001B1","","inorganic.metal",""
"omc:0019C","metalness","metalness","","published","metalness","omcToken","","","","coll:omc-00198","","metalness",""
"omc:0027F","MOS","MOS","Silence audio channel","published","MOS","omcToken","","","","coll:omc-002AC","","MOS",""
"vmc:c-0003CB","Motion Capture","capture.motionCapture | motionCapture","The recording of motion as a stream of digital data.","published","motionCapture","omcToken","","","","coll:omc-0002B | coll:omc-00115","","capture.motionCapture | motionCapture",""
"vmc:c-00043a","Movie","movie","A feature film or other long-from motion picture that first appeared in theatrical exhibition or was released directly to video (home entertainment). If the duration is ≤ 40 minutes, then the record ","published","movie","omcToken","","","","coll:omc-00200","","movie",""
"vmc:c-00003E","Moving Image","digital.movingImage | physical.movingImage","A temporally ordered sequence of Images","published","movingImage","omcToken","","","","coll:omc-00033","","digital.movingImage | physical.movingImage",""
"omc:00271","MX","MX","Music audio channel","published","MX","omcToken","","","","coll:omc-002AC","","MX",""
"vmc:c-000411","Narrative Audio","narrativeAudio","A significant sound in the narrative.","published","narrativeAudio","omcToken","","","","coll:omc-00059","","narrativeAudio",""
"vmc:c-000003","Narrative Context","narrative","Gathers relationships for narrative entities.","published","narrative","omcToken","","","","coll:omc-000B3","","narrative",""
"vmc:c-000407","Narrative Greenery","narrativeGreenery","Plant material and terrain-building material described or implied in the narrative,","published","narrativeGreenery","omcToken","this covers living plants (potted ferns, planted trees, fields of daffodils, etc.) and cut plants (e.g. single flowers, daisy chains, and sprigs of mistletoe) as well as rocks, sand, etc.","editorial","trees","coll:omc-00059 | coll:omc-00111","","narrativeGreenery",""
"vmc:c-00040b","Narrative Hair","narrativeHair","Hair requirements, procuring and maintaining wigs, and styling and cutting the hair of Participants in Portrayals. ","published","narrativeHair","omcToken","","","","coll:omc-00113","","narrativeHair",""
"vmc:c-000006","Narrative Location","narrativeLocation","A location specified or implied by the narrative.","published","narrativeLocation","omcToken","These can be real (e.g., a documentary comparing Soho in London to Soho in New York), fictionalized real (e.g., The White House, as it exists in the narrative), or completely imaginary (e.g., Tatooine.)","editorial","","coll:omc-00110","","narrativeLocation",""
"vmc:c-00040c","Narrative Makeup","narrativeMakeup","Application and Maintenance of make-up for anyone appearing on-screen. ","published","narrativeMakeup","omcToken","","","","coll:omc-00113","","narrativeMakeup",""
"vmc:c-000413","Narrative Music","music","Music that is implicitly or explicitly used to advance or support the narrative. ","published","music","omcToken","","","","coll:omc-00059","","music",""
"vmc:c-000405","Narrative Object","narrativeObject","A significant tangible thing in the narrative.","published","narrativeObject","omcToken","","","","coll:omc-00111","","narrativeObject",""
"vmc:c-000009","Narrative Prop","narrativeProp","A Prop as specified or implied by the narrative.","published","narrativeProp","omcToken","","","","coll:omc-00059 | coll:omc-00111","","narrativeProp",""
"vmc:c-00040f","Narrative Prosthetics","narrativeProsthetics"," The use of molding, casting, and sculpting techniques to create the required look for a Character. ","published","narrativeProsthetics","omcToken","","","","coll:omc-00113","","narrativeProsthetics",""
"vmc:c-000015","Narrative Scene","narrativeScene","Taken from the narrative itself and traditionally defined by creative intent and various kinds of unity (e.g., time, place, action, or theme).","published","narrativeScene","omcToken","","","","coll:omc-00112","","narrativeScene",""
"vmc:c-000421","Narrative Set Dressing","narrativeSetDressing","Set Dressing as implied or specified by the narrative.","published","narrativeSetDressing","omcToken","","","","coll:omc-00059 | coll:omc-00111","","narrativeSetDressing",""
"vmc:c-000412","Narrative Sound Effect","soundEffect","A sound that explicitly or implicitly advances or supports the narrative.  ","published","soundEffect","omcToken","","","","coll:omc-00059","","soundEffect",""
"vmc:c-00043d","Narrative Styling","narrativeStyling","Element of the narrative that directly influence the appearance of a Character, including hair, makeup, and prosthetics.","published","narrativeStyling","omcToken","","","","coll:omc-00113","","narrativeStyling",""
"vmc:c-000409","Narrative Vehicle","narrativeVehicle","Any mode of transport specified or implied by the narrative. ","published","narrativeVehicle","omcToken","","","","coll:omc-00059 | coll:omc-00111","","narrativeVehicle",""
"vmc:c-00000C","Narrative Wardrobe","narrativeWardrobe","The clothing for a Character in the narrative.","published","narrativeWardrobe","omcToken","","","","coll:omc-00114","","narrativeWardrobe",""
"omc:00278","NDME","NDME","NDME audio channel","published","NDME","omcToken","","","","coll:omc-002AC","","NDME",""
"omc:001A0","normal","normal","","published","normal","omcToken","","","","coll:omc-00198","","normal",""
"omc:002BD","NSC[channel number]","NSC[channel number]","Numbered Source Channel","published","NSC[channel number]","omcToken","","","","coll:omc-0025B","","NSC[channel number]",""
"omc:0017C","nurbsCurve","nurbsCurve","","published","nurbsCurve","omcToken","","","","coll:omc-00175","","nurbsCurve",""
"omc:0017D","nurbsSurface","nurbsSurface","","published","nurbsSurface","omcToken","","","","coll:omc-00175","","nurbsSurface",""
"omc:002B4","objectMetadata","audio.objectMetadata","A file containing metadata about the audio object.","published","objectMetadata","omcToken","","","","coll:omc-0002B","","audio.objectMetadata",""
"omc:00034","ocf","capture.ocf","Original Captured Footage, A moving image captured from a camera.","published","ocf","omcToken","","","","coll:omc-0002B","","capture.ocf",""
"omc:001B9","oil","gasOrLiquid.oil","","published","oil","omcToken","","","","coll:omc-001B1","","gasOrLiquid.oil",""
"omc:0027A","ONAR","ONAR","Optional Narration audio channel","published","ONAR","omcToken","","","","coll:omc-002AC","","ONAR",""
"omc:00076","onSetMix","onSetMix","A Mix of the on-set captured Audio.","published","onSetMix","omcToken","","","","coll:omc-0025E","","onSetMix",""
"omc:00275","OP","OP","Optional Music and Effects audio channel","published","OP","omcToken","","","","coll:omc-002AC","","OP",""
"omc:0019E","opacity","opacity","","published","opacity","omcToken","","","","coll:omc-00198","","opacity",""
"omc:001B2","organic","organic","","published","organic","omcToken","","","","coll:omc-001B1","","organic",""
"omc:0013D","other","other","","published","other","omcToken","","","","coll:omc-0013A","","other",""
"omc:00290","OTHER","OTHER","Other: audio content information.","published","OTHER","omcToken","","","","coll:omc-002AD","","OTHER",""
"vmc:c-000036","Physical Asset","physical","A physical asset is one where the tangible reality of the Asset is its defining feature.","published","physical","omcToken","","","","coll:omc-00033","","physical",""
"omc:001A8","plainTexture","plainTexture","","published","plainTexture","omcToken","","","","coll:omc-00199","","plainTexture",""
"omc:0017E","plane","plane","","published","plane","omcToken","","","","coll:omc-00175","","plane",""
"omc:001C2","plant","organic.plant","","published","plant","omcToken","","","","coll:omc-001B1","","organic.plant",""
"omc:001BE","plastic","inorganic.plastic","","published","plastic","omcToken","","","","coll:omc-001B1","","inorganic.plastic",""
"omc:00279","PNAR","PNAR","Program Narration audio channel","published","PNAR","omcToken","","","","coll:omc-002AC","","PNAR",""
"vmc:c-00001E","Portrayal","portrayal","The Depiction of a Character.","published","portrayal","omcToken","","","","coll:omc-000B9","","portrayal",""
"omc:00264","preMix","audio.preMix","A collection of sound samples that have been processed for technical or creative review.","published","preMix","omcToken","","","","coll:omc-000FA","","audio.preMix",""
"vmc:c-000453","Printmaster","audio.printmaster | printmaster","The combination of STEMs for a particular soundfield at unity gain.","published","printmaster","omcToken","","","","coll:omc-000FA | coll:omc-0025E","","audio.printmaster | printmaster",""
"omc:0026C","PRM","PRM","Primary audio channel","published","PRM","omcToken","","","","coll:omc-002AC","","PRM",""
"vmc:c-0003e6","Procedural Asset","digital.procedural","An Asset Structure that produces data that does not persist outside of its immediate use.","published","procedural","omcToken","","","Procedural Texture ","coll:omc-00033","","digital.procedural",""
"vmc:c-000455","Production Character","productionCharacter","An Asset used in the portrayal of a Character.","published","productionCharacter","omcToken","","","","coll:omc-0002B","","productionCharacter",""
"vmc:c-000408","Production Greenery","productionSetDressing.productionGreenery | productionProp.productionGreenery"," An Asset or Assets used to depict Narrative greenery in a Production Scene.","published","productionGreenery","omcToken","","","","coll:omc-0002B","","productionSetDressing.productionGreenery | productionProp.productionGreenery",""
"vmc:c-000007","Production Location","production","A real place that is used when producing the Creative Work.","published","production","omcToken","","","Sound Stage 3 can be used to create the depiction of 'MegaCorp boardroom', and the estate at West Wycombe Park is used to depict some locations in Pride and Prejudice and Zombies.","coll:omc-000B3 | coll:omc-0022A","","production",""
"vmc:c-00000A","Production Prop","productionProp","An Asset used in the Depiction of a Narrative Prop.","published","productionProp","omcToken","","","","coll:omc-0002B","","productionProp",""
"vmc:c-000422","Production Set Dressing","productionSetDressing","Assets used in the depiction of Narrative Set Dressing.","published","productionSetDressing","omcToken","","","","coll:omc-0002B","","productionSetDressing",""
"vmc:c-00040a","Production Vehicle","productionSetDressing.productionVehicle | productionProp.productionVehicle","An Asset used in the Depiction of a Narrative Vehicle ","published","productionVehicle","omcToken","","","","coll:omc-0002B","","productionSetDressing.productionVehicle | productionProp.productionVehicle",""
"omc:001A3","projectionMap","projectionMap","","published","projectionMap","omcToken","","","","coll:omc-00198","","projectionMap",""
"omc:0006B","proxy","proxy","A lower quality representation of an Asset.","published","proxy","omcToken","","","","coll:omc-0002B","","proxy",""
"omc:0028E","PRP","PRP","Props: audio content information.","published","PRP","omcToken","","","","coll:omc-002AD","","PRP",""
"omc:00292","R","R","Right channel","published","R","omcToken","","","","coll:omc-0025B","","R",""
"omc:0029C","Rc","Rc","Right Center channel","published","Rc","omcToken","","","","coll:omc-0025B","","Rc",""
"vmc:c-0003BC","Recorder Metadata","recorderMetadata","Information about a Recorder and the recording media.","published","recorderMetadata","omcToken","","","","coll:omc-0002B","","recorderMetadata",""
"omc:0021F","regional","regional","A title unique to a particular territory or otherwise used outside the work’s original home territory, such as local titles given to foreign imports. May be in the same language as the Release title.","published","regional","omcToken","","","","coll:omc-0021B","","regional",""
"omc:00220","release","release","The original release title for the work.","published","release","omcToken","","","","coll:omc-0021B","","release",""
"omc:002A1","Rh","Rh","Right Height channel","published","Rh","omcToken","","","","coll:omc-0025B","","Rh",""
"omc:00189","right","right","","published","right","omcToken","","","","coll:omc-00187","","right",""
"omc:0019D","roughness","roughness","","published","roughness","omcToken","","","","coll:omc-00198","","roughness",""
"omc:0029A","Rrs","Rrs","Right Rear Surround channel","published","Rrs","omcToken","","","","coll:omc-0025B","","Rrs",""
"omc:00296","Rs","Rs","Right Surround channel","published","Rs","omcToken","","","","coll:omc-0025B","","Rs",""
"omc:002A4","Rsh","Rsh","Right Surround Height channel","published","Rsh","omcToken","","","","coll:omc-0025B","","Rsh",""
"omc:00298","Rss","Rss","Right Surround Height channel","published","Rss","omcToken","","","","coll:omc-0025B","","Rss",""
"omc:002A6","Rssh","Rssh","Right Side Surround Height channel","published","Rssh","omcToken","","","","coll:omc-0025B","","Rssh",""
"omc:002BB","Rst","Rst","Right Surround Top","published","Rst","omcToken","","","","coll:omc-0025B","","Rst",""
"omc:002B9","Rt","Rt","Right Total","published","Rt","omcToken","","","","coll:omc-0025B","","Rt",""
"omc:002AA","Rts","Rts","Right Top Surround channel","published","Rts","omcToken","","","","coll:omc-0025B","","Rts",""
"omc:002A8","Rtsh","Rtsh","Right Rear Surround Height channel","published","Rtsh","omcToken","","","","coll:omc-0025B","","Rtsh",""
"omc:002BC","S","S","Surround","published","S","omcToken","","","","coll:omc-0025B","","S",""
"omc:0026D","SAP","SAP","Secondary audio program","published","SAP","omcToken","","","","coll:omc-002AC","","SAP",""
"omc:001C6","scales","organic.scales","","published","scales","omcToken","","","","coll:omc-001B1","","organic.scales",""
"vmc:c-000356","Script","script","A Structured Document written as a blueprint to convey the creative intent for the Creative Work. Parsing the Script generates a guide to those things that are to be depicted in production.","published","script","omcToken","","","","coll:omc-0002B","","script",""
"omc:002B0","SDS","SDS","7.1SDS - Uses channels: L, Lc, C, Rc, R, Ls, Rs, LFE","published","SDS","omcToken","","","","coll:omc-0025F","","SDS",""
"vmc:c-000434","Season","season","A group of Episodes in a Series that are made or distributed together.","published","season","omcToken","","","","coll:omc-001FB","","season",""
"vmc:c-00002C","Sequence","sequence","An ordered collection of media used to organize units of work.","published","sequence","omcToken","A collection and grouping mechanism, usually associated with a scope of work","editorial","","coll:omc-000FA","","sequence",""
"vmc:c-00034C","Sequence Choronolgy Descriptor","sequenceChronologyDescriptor","Describes how a series of Shots is used to generate a Sequence.","published","sequenceChronologyDescriptor","omcToken","","","","coll:omc-0002B","","sequenceChronologyDescriptor",""
"vmc:c-000433","Series","series","A group of Creative Works with a common overarching title and a strong relationship between the individual Creative Works.","published","series","omcToken","","","","coll:omc-001FB","","series",""
"omc:001AA","shadow","shadow","","published","shadow","omcToken","","","","coll:omc-00199","","shadow",""
"omc:00140","she/her","she/her","","published","she/her","omcToken","","","","coll:omc-00138","","she/her",""
"vmc:c-00002B","Shoot Day","shootDay","The number of the day on the filming schedule.","published","shootDay","omcToken","","","","coll:omc-000B3","","shootDay",""
"vmc:c-0003BD","Shooting Location","shooting","A fixed, specified physical Location used for shooting/filming the production.","published","shooting","omcToken","","","Sound Stage 3 can be used to create the depiction of 'MegaCorp boardroom', and the estate at West Wycombe Park is used to depict some locations in Pride and Prejudice and Zombies.","coll:omc-0022A","","shooting",""
"vmc:c-00043c","Short","short","A short program (≤ 40 minutes) that first appeared in theatrical exhibition or was released directly to video (home entertainment). If the duration is > 40 minutes, then the record is a Movie.","published","short","omcToken","","","","coll:omc-00200","","short",""
"vmc:c-00034F","Shot","shot","A discrete unit of visual narrative with a specified beginning and end.","published","shot","omcToken","","","","coll:omc-0002B","","shot",""
"omc:001C0","silk","textile.silk","","published","silk","omcToken","","","","coll:omc-001B1","","textile.silk",""
"omc:001C3","skin","organic.skin","","published","skin","omcToken","","","","coll:omc-001B1","","organic.skin",""
"omc:00263","soundEditorialUnit","audio.soundEditorialUnit","A collection of sound samples that have been selected in reference to the Creative Work or a portion of it.","published","soundEditorialUnit","omcToken","","","","coll:omc-000FA","","audio.soundEditorialUnit",""
"vmc:c-000415","Special Effect","specialEffect"," Physically based effects, such as explosions, the use of mannequins, and the use of models, the results of which are captured on-camera. ","published","specialEffect","omcToken","","","","coll:omc-00117","","specialEffect",""
"omc:0019B","specular","specular","","published","specular","omcToken","","","","coll:omc-00198","","specular",""
"omc:002BE","ST","ST","Standard Stereo - Uses channels L, R","published","ST","omcToken","","","","coll:omc-0025F","","ST",""
"vmc:c-0003DB","STEM","audio.stem","Final Audio Assets and Compositions combined based on their Audio Classification, used to produce the final sound for the Creative Work in a particular Soundfield.","published","stem","omcToken","","","","coll:omc-000FA","","audio.stem",""
"omc:001BB","stone","inorganic.stone","","published","stone","omcToken","","","","coll:omc-001B1","","inorganic.stone",""
"vmc:c-00000E","Storyboard","artwork.storyboard","A series of images that forms a visual representation of some part of the narrative.","published","storyboard","omcToken","","","","coll:omc-0002B","","artwork.storyboard",""
"vmc:c-00004A","Structured Document","digital.structuredDocument | physical.structuredDocument","A Document structured according to a set of rules which are used to parse or understand the document.","published","structuredDocument","omcToken","","","","coll:omc-00033","","digital.structuredDocument | physical.structuredDocument",""
"vmc:c-000418","Stunt","stunt","Physical action described or implied in the narrative that would put an actor in some kind of danger and so requires a specialist to manage and coordinate. ","published","stunt","omcToken","","","","coll:omc-00115","","stunt",""
"vmc:c-000438","Supplemental","supplemental","Material created to support some other work, such as a trailer, featurette, deleted scenes, gag reel, interviews, behind-the-scenes, etc.","published","supplemental","omcToken","","","","coll:omc-00200","","supplemental",""
"omc:0017F","teapot","teapot","","published","teapot","omcToken","","","","coll:omc-00175","","teapot",""
"omc:00288","TECH","TECH","Technical: audio content information.","published","TECH","omcToken","","","","coll:omc-002AD","","TECH",""
"vmc:c-000011","Technical Reference Material","technicalReferenceMaterial","Images, documents, data, or other material created as part of the execution of the production.","published","technicalReferenceMaterial","omcToken","","","","coll:omc-0002B","","technicalReferenceMaterial",""
"omc:00261","temporaryMix","temporaryMix","A non-final Mix used in the creative process, e.g. for review.","published","temporaryMix","omcToken","","","","coll:omc-0025E","","temporaryMix",""
"omc:001B3","textile","textile","","published","textile","omcToken","","","","coll:omc-001B1","","textile",""
"omc:00142","they/their","they/their","","published","they/their","omcToken","","","","coll:omc-00138","","they/their",""
"omc:0006F","timeline","timeline","","published","timeline","omcToken","","","","coll:omc-0002B","","timeline",""
"omc:00180","torus","torus","","published","torus","omcToken","","","","coll:omc-00175","","torus",""
"omc:002AB","Ts","Ts","Top Surround channel","published","Ts","omcToken","","","","coll:omc-0025B","","Ts",""
"vmc:c-00043b","TV","tv","Content that first appeared via broadcast (terrestrial, satellite, cable, etc.). This includes telefilms, other one-off programs, and Episodes of television series.  ","published","tv","omcToken","","","","coll:omc-00200","","tv",""
"omc:0013E","unknown","unknown","","published","unknown","omcToken","","","","coll:omc-0013A","","unknown",""
"omc:001A2","uvMap","uvMap","","published","uvMap","omcToken","","","","coll:omc-00198","","uvMap",""
"vmc:c-000359","VFX Image Sequence","sequence.vfxImage","An Image Sequence used in VFX work.","published","vfxImage","omcToken","","","","coll:omc-000FA","","sequence.vfxImage",""
"vmc:c-00002F","VFX Sequence","sequence.vfx","A unit of work made up of an ordered series of VFX shots.","published","vfx","omcToken","May not be a continuous narrative","editorial","","coll:omc-000FA","","sequence.vfx",""
"vmc:c-00002E","VFX Shot","shot.vfx","A Shot that has been identified as requiring VFX work.","published","vfx","omcToken","","","","coll:omc-0002B","","shot.vfx",""
"omc:0027C","VI","VI","Visually Impaired audio channel","published","VI","omcToken","","","","coll:omc-002AC","","VI",""
"omc:0029F","VIN","VIN","Visually Impaired channel","published","VIN","omcToken","","","","coll:omc-0025B","","VIN",""
"vmc:c-00036F","Visual Effect","visualEffect","Effects created on or in the footage after it is captured.","published","visualEffect","omcToken","Has Participant Structural Class of Organization","editorial","","coll:omc-00117","","visualEffect",""
"omc:0027B","VO","VO","Voice Over audio channel","published","VO","omcToken","","","","coll:omc-002AC","","VO",""
"omc:00284","VOC","VOC","Vocal audio channel","published","VOC","omcToken","","","","coll:omc-002AC","","VOC",""
"omc:001AC","volumeShadow","volumeShadow","","published","volumeShadow","omcToken","","","","coll:omc-00199","","volumeShadow",""
"omc:001A9","volumeTexture","volumeTexture","","published","volumeTexture","omcToken","","","","coll:omc-00199","","volumeTexture",""
"omc:001B8","water","gasOrLiquid.water","","published","water","omcToken","","","","coll:omc-001B1","","gasOrLiquid.water",""
"omc:001A5","weightMap","weightMap","","published","weightMap","omcToken","","","","coll:omc-00198","","weightMap",""
"omc:00036","witnessCamera","capture.witnessCamera","A video capture not intended for the creative work, but as a record of related action, typically on-set.","published","witnessCamera","omcToken","","","","coll:omc-0002B","","capture.witnessCamera",""
"omc:00282","WLA","WLA","Walla audio channel","published","WLA","omcToken","","","","coll:omc-002AC","","WLA",""
"omc:001C8","wood","organic.wood","","published","wood","omcToken","","","","coll:omc-001B1","","organic.wood",""
"omc:001BF","wool","textile.wool","","published","wool","omcToken","","","","coll:omc-001B1","","textile.wool",""
"omc:0021E","working","working","Working title, used during the course of production.","published","working","omcToken","","","","coll:omc-0021B","","working",""
"omc:00289","WRT","WRT","Writer: audio content information.","published","WRT","omcToken","","","","coll:omc-002AD","","WRT",""
"omc:0018A","y-up","y-up","The Y coordinate is the elevation axis.","published","y-up","omcToken","","","","coll:omc-00186","","y-up",""
"omc:0018B","z-up","z-up","The Z coordinate is the elevation axis.","published","z-up","omcToken","","","","coll:omc-00186","","z-up",""
"omc:00141","ze/hir","ze/hir","","published","ze/hir","omcToken","","","","coll:omc-00138","","ze/hir",""
